smiles,temp,density
C=C,25,0.00115345786
C=C,50,0.00106288676
C=C,75,0.000985633899
C=C,100,0.000918936637
C=C,125,0.000860753385
C=C,150,0.000809540976
C=C,175,0.00076411029
C=C,200,0.000723529625
C=C,225,0.000687058248
C=C,250,0.000654099618
C=C,275,0.000624167783
C=C,300,0.000596862787
C=C,325,0.000571852394
C=C,350,0.000548858286
C=C,375,0.000527645524
C=C,400,0.000508014391
C=C,425,0.000489794015
C=C,450,0.00047283733
C=C,475,0.000457017063
C=C,500,0.000442222505
CC=C,25,0.00174339481
CC=C,50,0.00160409915
CC=C,75,0.00148583966
CC=C,100,0.00138409984
CC=C,125,0.00129559064
CC=C,150,0.00121785418
CC=C,175,0.00114901351
CC=C,200,0.0010876086
CC=C,225,0.0010324855
CC=C,250,0.000982719407
CC=C,275,0.000937559974
CC=C,300,0.000896391739
CC=C,325,0.000858704907
CC=C,350,0.000824073463
CC=C,375,0.000792138544
CC=C,400,0.000762595641
CC=C,425,0.000735184636
CC=C,450,0.000709681957
CC=C,475,0.000685894358
CC=C,500,0.00066365392
CCC=C,25,0.00234653451
CCC=C,50,0.00215498926
CCC=C,75,0.00199332144
CCC=C,100,0.00185484941
CCC=C,125,0.0017347935
CCC=C,150,0.00162963096
CCC=C,175,0.00153670083
CCC=C,200,0.00145395121
CCC=C,225,0.00137977185
CCC=C,250,0.00131287974
CCC=C,275,0.00125223894
CCC=C,300,0.00119700321
CCC=C,325,0.00114647399
CCC=C,350,0.00110006922
CCC=C,375,0.00105729984
CCC=C,400,0.00101775177
CCC=C,425,0.000981071949
CCC=C,450,0.000946957433
CCC=C,475,0.000915146743
CCC=C,500,0.000885412965
CCCC=C,25,0.634840071
CCCC=C,50,0.00271906973
CCCC=C,75,0.00251065262
CCCC=C,100,0.00233312664
CCCC=C,125,0.00217986177
CCCC=C,150,0.00204605327
CCCC=C,175,0.00192811944
CCCC=C,200,0.00182332751
CCCC=C,225,0.00172955117
CCCC=C,250,0.00164510812
CCCC=C,275,0.00156864796
CCCC=C,300,0.00149907291
CCCC=C,325,0.00143548053
CCCC=C,350,0.00137712156
CCCC=C,375,0.00132336834
CCCC=C,400,0.00127369079
CCCC=C,425,0.00122763803
CCCC=C,450,0.00118482391
CCCC=C,475,0.00114491572
CCCC=C,500,0.00110762519
CCCCC=C,25,0.669333459
CCCCC=C,50,0.644964217
CCCCC=C,75,0.00303983559
CCCCC=C,100,0.00282039255
CCCCC=C,125,0.00263189535
CCCCC=C,150,0.0024679705
CCCCC=C,175,0.00232393937
CCCCC=C,200,0.00219627556
CCCCC=C,225,0.00208226225
CCCCC=C,250,0.00197976716
CCCCC=C,275,0.00188709014
CCCCC=C,300,0.00180285681
CCCCC=C,325,0.00172594269
CCCCC=C,350,0.00165541792
CCCCC=C,375,0.00159050622
CCCCC=C,400,0.001530554
CCCCC=C,425,0.00147500669
CCCCC=C,450,0.00142339048
CCCCC=C,475,0.00137529791
CCCCC=C,500,0.00133037656
CCCCCC=C,25,0.694981948
CCCCCC=C,50,0.672610021
CCCCCC=C,75,0.649103592
CCCCCC=C,100,0.00331801057
CCCCCC=C,125,0.00309188643
CCCCCC=C,150,0.00289612667
CCCCCC=C,175,0.00272473248
CCCCCC=C,200,0.00257324411
CCCCCC=C,225,0.00243826337
CCCCCC=C,250,0.00231714721
CCCCCC=C,275,0.00220780388
CCCCCC=C,300,0.00210855288
CCCCCC=C,325,0.0020180265
CCCCCC=C,350,0.00193509877
CCCCCC=C,375,0.0018588333
CCCCCC=C,400,0.00178844427
CCCCCC=C,425,0.00172326687
CCCCCC=C,450,0.00166273446
CCCCCC=C,475,0.00160636087
CCCCCC=C,500,0.0015537264
CCCCCCC=C,25,0.712641342
CCCCCCC=C,50,0.691754971
CCCCCCC=C,75,0.66996046
CCCCCCC=C,100,0.647082766
CCCCCCC=C,125,0.00356195437
CCCCCCC=C,150,0.00333213185
CCCCCCC=C,175,0.00313175025
CCCCCCC=C,200,0.00295522443
CCCCCCC=C,225,0.00279835232
CCCCCCC=C,250,0.00265789914
CCCCCCC=C,275,0.00253132637
CCCCCCC=C,300,0.00241660901
CCCCCCC=C,325,0.00231210876
CCCCCCC=C,350,0.00221648364
CCCCCCC=C,375,0.00212862246
CCCCCCC=C,400,0.00204759617
CCCCCCC=C,425,0.00197262132
CCCCCCC=C,450,0.00190303205
CCCCCCC=C,475,0.00183825846
CCCCCCC=C,500,0.00177780963
CCCCCCCCCCCCCCC=C,25,0.778217121
CCCCCCCCCCCCCCC=C,50,0.762019889
CCCCCCCCCCCCCCC=C,75,0.745440859
CCCCCCCCCCCCCCC=C,100,0.728437361
CCCCCCCCCCCCCCC=C,125,0.710958558
CCCCCCCCCCCCCCC=C,150,0.69294311
CCCCCCCCCCCCCCC=C,175,0.674315905
CCCCCCCCCCCCCCC=C,200,0.654983366
CCCCCCCCCCCCCCC=C,225,0.634826501
CCCCCCCCCCCCCCC=C,250,0.613690211
CCCCCCCCCCCCCCC=C,275,0.591366077
CCCCCCCCCCCCCCC=C,300,0.00500387431
CCCCCCCCCCCCCCC=C,325,0.00476788613
CCCCCCCCCCCCCCC=C,350,0.00455488732
CCCCCCCCCCCCCCC=C,375,0.00436144642
CCCCCCCCCCCCCCC=C,400,0.00418481851
CCCCCCCCCCCCCCC=C,425,0.00402277513
CCCCCCCCCCCCCCC=C,450,0.0038734837
CCCCCCCCCCCCCCC=C,475,0.00373542022
CCCCCCCCCCCCCCC=C,500,0.00360730459
CCCCCCCCCCCCCCCC=C,25,0.779308718
CCCCCCCCCCCCCCCC=C,50,0.763531687
CCCCCCCCCCCCCCCC=C,75,0.747397491
CCCCCCCCCCCCCCCC=C,100,0.730867665
CCCCCCCCCCCCCCCC=C,125,0.713896671
CCCCCCCCCCCCCCCC=C,150,0.696429966
CCCCCCCCCCCCCCCC=C,175,0.678401325
CCCCCCCCCCCCCCCC=C,200,0.659729066
CCCCCCCCCCCCCCCC=C,225,0.640310549
CCCCCCCCCCCCCCCC=C,250,0.620013908
CCCCCCCCCCCCCCCC=C,275,0.598665078
CCCCCCCCCCCCCCCC=C,300,0.576026434
CCCCCCCCCCCCCCCC=C,325,0.00509011496
CCCCCCCCCCCCCCCC=C,350,0.00485999778
CCCCCCCCCCCCCCCC=C,375,0.00465140421
CCCCCCCCCCCCCCCC=C,400,0.00446124368
CCCCCCCCCCCCCCCC=C,425,0.00428702172
CCCCCCCCCCCCCCCC=C,450,0.00412669725
CCCCCCCCCCCCCCCC=C,475,0.0039785802
CCCCCCCCCCCCCCCC=C,500,0.0038412564
CCCCCCCCCCCCCCCCC=C,25,0.781809114
CCCCCCCCCCCCCCCCC=C,50,0.76630709
CCCCCCCCCCCCCCCCC=C,75,0.750466448
CCCCCCCCCCCCCCCCC=C,100,0.734251811
CCCCCCCCCCCCCCCCC=C,125,0.717621515
CCCCCCCCCCCCCCCCC=C,150,0.700525942
CCCCCCCCCCCCCCCCC=C,175,0.682905257
CCCCCCCCCCCCCCCCC=C,200,0.664686232
CCCCCCCCCCCCCCCCC=C,225,0.645777708
CCCCCCCCCCCCCCCCC=C,250,0.626063868
CCCCCCCCCCCCCCCCC=C,275,0.605393911
CCCCCCCCCCCCCCCCC=C,300,0.583565461
CCCCCCCCCCCCCCCCC=C,325,0.00541665744
CCCCCCCCCCCCCCCCC=C,350,0.00516868691
CCCCCCCCCCCCCCCCC=C,375,0.00494436274
CCCCCCCCCCCCCCCCC=C,400,0.00474020831
CCCCCCCCCCCCCCCCC=C,425,0.00455343478
CCCCCCCCCCCCCCCCC=C,450,0.00438177226
CCCCCCCCCCCCCCCCC=C,475,0.00422334972
CCCCCCCCCCCCCCCCC=C,500,0.00407660779
CCCCCCCCCCCCCCCCCC=C,25,0.785614606
CCCCCCCCCCCCCCCCCC=C,50,0.770351434
CCCCCCCCCCCCCCCCCC=C,75,0.754766223
CCCCCCCCCCCCCCCCCC=C,100,0.738826304
CCCCCCCCCCCCCCCCCC=C,125,0.722493385
CCCCCCCCCCCCCCCCCC=C,150,0.705722117
CCCCCCCCCCCCCCCCCC=C,175,0.688458155
CCCCCCCCCCCCCCCCCC=C,200,0.670635474
CCCCCCCCCCCCCCCCCC=C,225,0.65217258
CCCCCCCCCCCCCCCCCC=C,250,0.632966992
CCCCCCCCCCCCCCCCCC=C,275,0.61288691
CCCCCCCCCCCCCCCCCC=C,300,0.591758153
CCCCCCCCCCCCCCCCCC=C,325,0.569342564
CCCCCCCCCCCCCCCCCC=C,350,0.00548104876
CCCCCCCCCCCCCCCCCC=C,375,0.00524039983
CCCCCCCCCCCCCCCCCC=C,400,0.00502177947
CCCCCCCCCCCCCCCCCC=C,425,0.00482207409
CCCCCCCCCCCCCCCCCC=C,450,0.00463876337
CCCCCCCCCCCCCCCCCC=C,475,0.00446977971
CCCCCCCCCCCCCCCCCC=C,500,0.00431340693
CCCCCCCCCCCCCCCCCCC=C,25,0.788996006
CCCCCCCCCCCCCCCCCCC=C,50,0.773921225
CCCCCCCCCCCCCCCCCCC=C,75,0.758538549
CCCCCCCCCCCCCCCCCCC=C,100,0.742817548
CCCCCCCCCCCCCCCCCCC=C,125,0.726722702
CCCCCCCCCCCCCCCCCCC=C,150,0.710212142
CCCCCCCCCCCCCCCCCCC=C,175,0.693235961
CCCCCCCCCCCCCCCCCCC=C,200,0.67573391
CCCCCCCCCCCCCCCCCCC=C,225,0.65763216
CCCCCCCCCCCCCCCCCCC=C,250,0.638838667
CCCCCCCCCCCCCCCCCCC=C,275,0.619236275
CCCCCCCCCCCCCCCCCCC=C,300,0.59867211
CCCCCCCCCCCCCCCCCCC=C,325,0.576940453
CCCCCCCCCCCCCCCCCCC=C,350,0.00579833975
CCCCCCCCCCCCCCCCCCC=C,375,0.00554055445
CCCCCCCCCCCCCCCCCCC=C,400,0.00530682501
CCCCCCCCCCCCCCCCCCC=C,425,0.00509367083
CCCCCCCCCCCCCCCCCCC=C,450,0.00489829125
CCCCCCCCCCCCCCCCCCC=C,475,0.00471840041
CCCCCCCCCCCCCCCCCCC=C,500,0.0045521094
CCCCCCCCCCCCCCCCCCCC=C,25,1.01206315
CCCCCCCCCCCCCCCCCCCC=C,50,0.990977334
CCCCCCCCCCCCCCCCCCCC=C,75,0.969527019
CCCCCCCCCCCCCCCCCCCC=C,100,0.947676695
CCCCCCCCCCCCCCCCCCCC=C,125,0.925385142
CCCCCCCCCCCCCCCCCCCC=C,150,0.902604068
CCCCCCCCCCCCCCCCCCCC=C,175,0.879276311
CCCCCCCCCCCCCCCCCCCC=C,200,0.855333415
CCCCCCCCCCCCCCCCCCCC=C,225,0.830692279
CCCCCCCCCCCCCCCCCCCC=C,250,0.805250428
CCCCCCCCCCCCCCCCCCCC=C,275,0.778879139
CCCCCCCCCCCCCCCCCCCC=C,300,0.751413096
CCCCCCCCCCCCCCCCCCCC=C,325,0.722634182
CCCCCCCCCCCCCCCCCCCC=C,350,0.692244801
CCCCCCCCCCCCCCCCCCCC=C,375,0.00587516298
CCCCCCCCCCCCCCCCCCCC=C,400,0.00562103069
CCCCCCCCCCCCCCCCCCCC=C,425,0.0053901508
CCCCCCCCCCCCCCCCCCCC=C,450,0.00517920628
CCCCCCCCCCCCCCCCCCCC=C,475,0.00498552105
CCCCCCCCCCCCCCCCCCCC=C,500,0.0048069057
CCCCCCCCCCCCCCCCCCCCC=C,25,0.787858002
CCCCCCCCCCCCCCCCCCCCC=C,50,0.773328059
CCCCCCCCCCCCCCCCCCCCC=C,75,0.758516906
CCCCCCCCCCCCCCCCCCCCC=C,100,0.743398036
CCCCCCCCCCCCCCCCCCCCC=C,125,0.727940736
CCCCCCCCCCCCCCCCCCCCC=C,150,0.712109095
CCCCCCCCCCCCCCCCCCCCC=C,175,0.695860708
CCCCCCCCCCCCCCCCCCCCC=C,200,0.679144919
CCCCCCCCCCCCCCCCCCCCC=C,225,0.661900423
CCCCCCCCCCCCCCCCCCCCC=C,250,0.644051884
CCCCCCCCCCCCCCCCCCCCC=C,275,0.625505056
CCCCCCCCCCCCCCCCCCCCC=C,300,0.6061395
CCCCCCCCCCCCCCCCCCCCC=C,325,0.585797269
CCCCCCCCCCCCCCCCCCCCC=C,350,0.5642645
CCCCCCCCCCCCCCCCCCCCC=C,375,0.00615035071
CCCCCCCCCCCCCCCCCCCCC=C,400,0.00588486895
CCCCCCCCCCCCCCCCCCCCC=C,425,0.00564359929
CCCCCCCCCCCCCCCCCCCCC=C,450,0.00542310129
CCCCCCCCCCCCCCCCCCCCC=C,475,0.00522059656
CCCCCCCCCCCCCCCCCCCCC=C,500,0.00503381007
CCCCCCCCCCCCCCCCCCCCCC=C,25,0.0147223786
CCCCCCCCCCCCCCCCCCCCCC=C,50,0.0134840881
CCCCCCCCCCCCCCCCCCCCCC=C,75,0.0124549282
CCCCCCCCCCCCCCCCCCCCCC=C,100,0.0115829776
CCCCCCCCCCCCCCCCCCCCCC=C,125,0.0108323631
CCCCCCCCCCCCCCCCCCCCCC=C,150,0.0101771097
CCCCCCCCCCCCCCCCCCCCCC=C,175,0.00959591988
CCCCCCCCCCCCCCCCCCCCCC=C,200,0.00902925793
CCCCCCCCCCCCCCCCCCCCCC=C,225,0.00849687479
CCCCCCCCCCCCCCCCCCCCCC=C,250,0.00795752326
CCCCCCCCCCCCCCCCCCCCCC=C,275,0.00734356895
CCCCCCCCCCCCCCCCCCCCCC=C,300,0.00656352704
CCCCCCCCCCCCCCCCCCCCCC=C,325,0.0054977843
CCCCCCCCCCCCCCCCCCCCCC=C,350,0.00399687556
CCCCCCCCCCCCCCCCCCCCCC=C,375,0.00335808396
CCCCCCCCCCCCCCCCCCCCCC=C,400,0.00322679303
CCCCCCCCCCCCCCCCCCCCCC=C,425,0.00310575507
CCCCCCCCCCCCCCCCCCCCCC=C,450,0.00299377144
CCCCCCCCCCCCCCCCCCCCCC=C,475,0.00288982929
CCCCCCCCCCCCCCCCCCCCCC=C,500,0.00279306605
CCCCCCCCCCCCCCCCCCCCCCC=C,25,0.0152607355
CCCCCCCCCCCCCCCCCCCCCCC=C,50,0.0139803137
CCCCCCCCCCCCCCCCCCCCCCC=C,75,0.0129157436
CCCCCCCCCCCCCCCCCCCCCCC=C,100,0.0120134873
CCCCCCCCCCCCCCCCCCCCCCC=C,125,0.011236521
CCCCCCCCCCCCCCCCCCCCCCC=C,150,0.0105579862
CCCCCCCCCCCCCCCCCCCCCCC=C,175,0.0099557972
CCCCCCCCCCCCCCCCCCCCCCC=C,200,0.00936814204
CCCCCCCCCCCCCCCCCCCCCCC=C,225,0.00881538559
CCCCCCCCCCCCCCCCCCCCCCC=C,250,0.00825427495
CCCCCCCCCCCCCCCCCCCCCCC=C,275,0.00761329546
CCCCCCCCCCCCCCCCCCCCCCC=C,300,0.00679444107
CCCCCCCCCCCCCCCCCCCCCCC=C,325,0.00566770089
CCCCCCCCCCCCCCCCCCCCCCC=C,350,0.00406803851
CCCCCCCCCCCCCCCCCCCCCCC=C,375,0.00348940403
CCCCCCCCCCCCCCCCCCCCCCC=C,400,0.00335330894
CCCCCCCCCCCCCCCCCCCCCCC=C,425,0.00322779939
CCCCCCCCCCCCCCCCCCCCCCC=C,450,0.0031116445
CCCCCCCCCCCCCCCCCCCCCCC=C,475,0.00300380296
CCCCCCCCCCCCCCCCCCCCCCC=C,500,0.00290338703
CCCCCCCCCCCCCCCCCCCCCCCCC=C,25,0.0164115646
CCCCCCCCCCCCCCCCCCCCCCCCC=C,50,0.0150362001
CCCCCCCCCCCCCCCCCCCCCCCCC=C,75,0.0138924452
CCCCCCCCCCCCCCCCCCCCCCCCC=C,100,0.0129229379
CCCCCCCCCCCCCCCCCCCCCCCCC=C,125,0.0120881344
CCCCCCCCCCCCCCCCCCCCCCCCC=C,150,0.0113598555
CCCCCCCCCCCCCCCCCCCCCCCCC=C,175,0.0107163206
CCCCCCCCCCCCCCCCCCCCCCCCC=C,200,0.0100956586
CCCCCCCCCCCCCCCCCCCCCCCCC=C,225,0.00952884146
CCCCCCCCCCCCCCCCCCCCCCCCC=C,250,0.00898491046
CCCCCCCCCCCCCCCCCCCCCCCCC=C,275,0.00841002267
CCCCCCCCCCCCCCCCCCCCCCCCC=C,300,0.00772926957
CCCCCCCCCCCCCCCCCCCCCCCCC=C,325,0.00683960596
CCCCCCCCCCCCCCCCCCCCCCCCC=C,350,0.00560525092
CCCCCCCCCCCCCCCCCCCCCCCCC=C,375,0.00385458262
CCCCCCCCCCCCCCCCCCCCCCCCC=C,400,0.00361858345
CCCCCCCCCCCCCCCCCCCCCCCCC=C,425,0.00348240475
CCCCCCCCCCCCCCCCCCCCCCCCC=C,450,0.0033564675
CCCCCCCCCCCCCCCCCCCCCCCCC=C,475,0.0032396179
CCCCCCCCCCCCCCCCCCCCCCCCC=C,500,0.00313087468
CCCCCCCCCCCCCCCCCCCCCCCCCC=C,25,0.0170482598
CCCCCCCCCCCCCCCCCCCCCCCCCC=C,50,0.0156163996
CCCCCCCCCCCCCCCCCCCCCCCCCC=C,75,0.0144259373
CCCCCCCCCCCCCCCCCCCCCCCCCC=C,100,0.0134170757
CCCCCCCCCCCCCCCCCCCCCCCCCC=C,125,0.0125486311
CCCCCCCCCCCCCCCCCCCCCCCCCC=C,150,0.0117914102
CCCCCCCCCCCCCCCCCCCCCCCCCC=C,175,0.0111232813
CCCCCCCCCCCCCCCCCCCCCCCCCC=C,200,0.0104814192
CCCCCCCCCCCCCCCCCCCCCCCCCC=C,225,0.00990038829
CCCCCCCCCCCCCCCCCCCCCCCCCC=C,250,0.00935249031
CCCCCCCCCCCCCCCCCCCCCCCCCC=C,275,0.00878860852
CCCCCCCCCCCCCCCCCCCCCCCCCC=C,300,0.00814045719
CCCCCCCCCCCCCCCCCCCCCCCCCC=C,325,0.00731362867
CCCCCCCCCCCCCCCCCCCCCCCCCC=C,350,0.00618331375
CCCCCCCCCCCCCCCCCCCCCCCCCC=C,375,0.0045918027
CCCCCCCCCCCCCCCCCCCCCCCCCC=C,400,0.00376006822
CCCCCCCCCCCCCCCCCCCCCCCCCC=C,425,0.00361721827
CCCCCCCCCCCCCCCCCCCCCCCCCC=C,450,0.0034852823
CCCCCCCCCCCCCCCCCCCCCCCCCC=C,475,0.00336300463
CCCCCCCCCCCCCCCCCCCCCCCCCC=C,500,0.003249322
CCCCCCCCCCCCCCCCCCCCCCCCCCC=C,25,0.0175591912
CCCCCCCCCCCCCCCCCCCCCCCCCCC=C,50,0.0160893691
CCCCCCCCCCCCCCCCCCCCCCCCCCC=C,75,0.0148667956
CCCCCCCCCCCCCCCCCCCCCCCCCCC=C,100,0.0138303024
CCCCCCCCCCCCCCCCCCCCCCCCCCC=C,125,0.012937757
CCCCCCCCCCCCCCCCCCCCCCCCCCC=C,150,0.0121593479
CCCCCCCCCCCCCCCCCCCCCCCCCCC=C,175,0.0114727221
CCCCCCCCCCCCCCCCCCCCCCCCCCC=C,200,0.0108141357
CCCCCCCCCCCCCCCCCCCCCCCCCCC=C,225,0.010221941
CCCCCCCCCCCCCCCCCCCCCCCCCCC=C,250,0.00967282764
CCCCCCCCCCCCCCCCCCCCCCCCCCC=C,275,0.00912495386
CCCCCCCCCCCCCCCCCCCCCCCCCCC=C,300,0.00852055811
CCCCCCCCCCCCCCCCCCCCCCCCCCC=C,325,0.00777807653
CCCCCCCCCCCCCCCCCCCCCCCCCCC=C,350,0.00678623473
CCCCCCCCCCCCCCCCCCCCCCCCCCC=C,375,0.00539992694
CCCCCCCCCCCCCCCCCCCCCCCCCCC=C,400,0.00388505561
CCCCCCCCCCCCCCCCCCCCCCCCCCC=C,425,0.00373803723
CCCCCCCCCCCCCCCCCCCCCCCCCCC=C,450,0.0036021764
CCCCCCCCCCCCCCCCCCCCCCCCCCC=C,475,0.00347620085
CCCCCCCCCCCCCCCCCCCCCCCCCCC=C,500,0.00335903126
CCCCCCCCCCCCCCCCCCCCCCCCCCCCC=C,25,0.0186994751
CCCCCCCCCCCCCCCCCCCCCCCCCCCCC=C,50,0.0171363034
CCCCCCCCCCCCCCCCCCCCCCCCCCCCC=C,75,0.0158357636
CCCCCCCCCCCCCCCCCCCCCCCCCCCCC=C,100,0.0147329511
CCCCCCCCCCCCCCCCCCCCCCCCCCCCC=C,125,0.0137831611
CCCCCCCCCCCCCCCCCCCCCCCCCCCCC=C,150,0.012954846
CCCCCCCCCCCCCCCCCCCCCCCCCCCCC=C,175,0.0122246834
CCCCCCCCCCCCCCCCCCCCCCCCCCCCC=C,200,0.0115261185
CCCCCCCCCCCCCCCCCCCCCCCCCCCCC=C,225,0.0109029734
CCCCCCCCCCCCCCCCCCCCCCCCCCCCC=C,250,0.0103365887
CCCCCCCCCCCCCCCCCCCCCCCCCCCCC=C,275,0.00979313579
CCCCCCCCCCCCCCCCCCCCCCCCCCCCC=C,300,0.00922750843
CCCCCCCCCCCCCCCCCCCCCCCCCCCCC=C,325,0.00857533702
CCCCCCCCCCCCCCCCCCCCCCCCCCCCC=C,350,0.00774636118
CCCCCCCCCCCCCCCCCCCCCCCCCCCCC=C,375,0.00661940594
CCCCCCCCCCCCCCCCCCCCCCCCCCCCC=C,400,0.00503842038
CCCCCCCCCCCCCCCCCCCCCCCCCCCCC=C,425,0.00399501219
CCCCCCCCCCCCCCCCCCCCCCCCCCCCC=C,450,0.00384904601
CCCCCCCCCCCCCCCCCCCCCCCCCCCCC=C,475,0.00371379265
CCCCCCCCCCCCCCCCCCCCCCCCCCCCC=C,500,0.0035880689
CCCCCCCCCCCCCCCCCCCCCCCCCCCCCCCCCCC=C,25,0.0221172655
CCCCCCCCCCCCCCCCCCCCCCCCCCCCCCCCCCC=C,50,0.0202745943
CCCCCCCCCCCCCCCCCCCCCCCCCCCCCCCCCCC=C,75,0.0187405365
CCCCCCCCCCCCCCCCCCCCCCCCCCCCCCCCCCC=C,100,0.0174390358
CCCCCCCCCCCCCCCCCCCCCCCCCCCCCCCCCCC=C,125,0.0163176614
CCCCCCCCCCCCCCCCCCCCCCCCCCCCCCCCCCC=C,150,0.0153394593
CCCCCCCCCCCCCCCCCCCCCCCCCCCCCCCCCCC=C,175,0.0144774225
CCCCCCCCCCCCCCCCCCCCCCCCCCCCCCCCCCC=C,200,0.0136544945
CCCCCCCCCCCCCCCCCCCCCCCCCCCCCCCCCCC=C,225,0.0129261234
CCCCCCCCCCCCCCCCCCCCCCCCCCCCCCCCCCC=C,250,0.0122790221
CCCCCCCCCCCCCCCCCCCCCCCCCCCCCCCCCCC=C,275,0.0116902778
CCCCCCCCCCCCCCCCCCCCCCCCCCCCCCCCCCC=C,300,0.0111355268
CCCCCCCCCCCCCCCCCCCCCCCCCCCCCCCCCCC=C,325,0.0105822871
CCCCCCCCCCCCCCCCCCCCCCCCCCCCCCCCCCC=C,350,0.00998322946
CCCCCCCCCCCCCCCCCCCCCCCCCCCCCCCCCCC=C,375,0.00926966305
CCCCCCCCCCCCCCCCCCCCCCCCCCCCCCCCCCC=C,400,0.00834570318
CCCCCCCCCCCCCCCCCCCCCCCCCCCCCCCCCCC=C,425,0.007083177
CCCCCCCCCCCCCCCCCCCCCCCCCCCCCCCCCCC=C,450,0.00531640595
CCCCCCCCCCCCCCCCCCCCCCCCCCCCCCCCCCC=C,475,0.00443210537
CCCCCCCCCCCCCCCCCCCCCCCCCCCCCCCCCCC=C,500,0.00427999739
CCCCCCCCCCCCCCCCCCCCCCCCCCCCCCCCCCCCCCC=C,25,0.0243768118
CCCCCCCCCCCCCCCCCCCCCCCCCCCCCCCCCCCCCCC=C,50,0.0223506874
CCCCCCCCCCCCCCCCCCCCCCCCCCCCCCCCCCCCCCC=C,75,0.020663146
CCCCCCCCCCCCCCCCCCCCCCCCCCCCCCCCCCCCCCC=C,100,0.0192309069
CCCCCCCCCCCCCCCCCCCCCCCCCCCCCCCCCCCCCCC=C,125,0.0179965148
CCCCCCCCCCCCCCCCCCCCCCCCCCCCCCCCCCCCCCC=C,150,0.0169194551
CCCCCCCCCCCCCCCCCCCCCCCCCCCCCCCCCCCCCCC=C,175,0.0159701369
CCCCCCCCCCCCCCCCCCCCCCCCCCCCCCCCCCCCCCC=C,200,0.0150640299
CCCCCCCCCCCCCCCCCCCCCCCCCCCCCCCCCCCCCCC=C,225,0.0142627026
CCCCCCCCCCCCCCCCCCCCCCCCCCCCCCCCCCCCCCC=C,250,0.0135532134
CCCCCCCCCCCCCCCCCCCCCCCCCCCCCCCCCCCCCCC=C,275,0.0129142039
CCCCCCCCCCCCCCCCCCCCCCCCCCCCCCCCCCCCCCC=C,300,0.0123264844
CCCCCCCCCCCCCCCCCCCCCCCCCCCCCCCCCCCCCCC=C,325,0.0117674801
CCCCCCCCCCCCCCCCCCCCCCCCCCCCCCCCCCCCCCC=C,350,0.0112053468
CCCCCCCCCCCCCCCCCCCCCCCCCCCCCCCCCCCCCCC=C,375,0.0105926709
CCCCCCCCCCCCCCCCCCCCCCCCCCCCCCCCCCCCCCC=C,400,0.00986022681
CCCCCCCCCCCCCCCCCCCCCCCCCCCCCCCCCCCCCCC=C,425,0.00891131271
CCCCCCCCCCCCCCCCCCCCCCCCCCCCCCCCCCCCCCC=C,450,0.00761669034
CCCCCCCCCCCCCCCCCCCCCCCCCCCCCCCCCCCCCCC=C,475,0.00580917973
CCCCCCCCCCCCCCCCCCCCCCCCCCCCCCCCCCCCCCC=C,500,0.00474590869
CCCCCCCC=C,25,0.726240576
CCCCCCCC=C,50,0.706429508
CCCCCCCC=C,75,0.685857765
CCCCCCCC=C,100,0.664394892
CCCCCCCC=C,125,0.641870113
CCCCCCCC=C,150,0.00377780997
CCCCCCCC=C,175,0.00354638966
CCCCCCCC=C,200,0.00334330993
CCCCCCCC=C,225,0.00316340042
CCCCCCCC=C,250,0.00300272783
CCCCCCCC=C,275,0.00285823534
CCCCCCCC=C,300,0.00272750411
CCCCCCCC=C,325,0.00260859033
CCCCCCCC=C,350,0.00249991094
CCCCCCCC=C,375,0.0024001616
CCCCCCCC=C,400,0.0023082563
CCCCCCCC=C,425,0.00222328259
CCCCCCCC=C,450,0.00214446746
CCCCCCCC=C,475,0.00207115111
CCCCCCCC=C,500,0.00200276664
CCCCCCCCC=C,25,0.737939849
CCCCCCCCC=C,50,0.718927535
CCCCCCCCC=C,75,0.699257011
CCCCCCCCC=C,100,0.678825505
CCCCCCCCC=C,125,0.657501687
CCCCCCCCC=C,150,0.635113344
CCCCCCCCC=C,175,0.0039695602
CCCCCCCCC=C,200,0.0037381863
CCCCCCCCC=C,225,0.00353393761
CCCCCCCCC=C,250,0.00335205156
CCCCCCCCC=C,275,0.00318886689
CCCCCCCCC=C,300,0.00304151237
CCCCCCCCC=C,325,0.00290769796
CCCCCCCCC=C,350,0.0027855705
CCCCCCCCC=C,375,0.00267361124
CCCCCCCCC=C,400,0.00257056163
CCCCCCCCC=C,425,0.00247536855
CCCCCCCCC=C,450,0.00238714285
CCCCCCCCC=C,475,0.00230512802
CCCCCCCCC=C,500,0.00222867575
CCCCCCCCCC=C,25,0.747091211
CCCCCCCCCC=C,50,0.728728547
CCCCCCCCCC=C,75,0.709783498
CCCCCCCCCC=C,100,0.690171899
CCCCCCCCCC=C,125,0.66978815
CCCCCCCCCC=C,150,0.648496817
CCCCCCCCCC=C,175,0.626119523
CCCCCCCCCC=C,200,0.00414074013
CCCCCCCCCC=C,225,0.003910645
CCCCCCCCCC=C,250,0.00370640498
CCCCCCCCCC=C,275,0.00352364838
CCCCCCCCCC=C,300,0.00335898076
CCCCCCCCCC=C,325,0.00320971717
CCCCCCCCCC=C,350,0.00307369992
CCCCCCCCCC=C,375,0.00294917121
CCCCCCCCCC=C,400,0.00283468183
CCCCCCCCCC=C,425,0.00272902431
CCCCCCCCCC=C,450,0.0026311833
CCCCCCCCCC=C,475,0.00254029765
CCCCCCCCCC=C,500,0.0024556316
CCCCCCCCCCC=C,25,0.755147241
CCCCCCCCCCC=C,50,0.737303668
CCCCCCCCCCC=C,75,0.718935557
CCCCCCCCCCC=C,100,0.699971891
CCCCCCCCCCC=C,125,0.680324841
CCCCCCCCCCC=C,150,0.659883696
CCCCCCCCCCC=C,175,0.638505673
CCCCCCCCCCC=C,200,0.61600141
CCCCCCCCCCC=C,225,0.00429421963
CCCCCCCCCCC=C,250,0.0040663271
CCCCCCCCCCC=C,275,0.0038630053
CCCCCCCCCCC=C,300,0.00368025112
CCCCCCCCCCC=C,325,0.0035149267
CCCCCCCCCCC=C,350,0.00336452954
CCCCCCCCCCC=C,375,0.00322703402
CCCCCCCCCCC=C,400,0.00310077934
CCCCCCCCCCC=C,425,0.00298438835
CCCCCCCCCCC=C,450,0.00287670768
CCCCCCCCCCC=C,475,0.00277676278
CCCCCCCCCCC=C,500,0.00268372364
CCCCCCCCCCCC=C,25,0.761904014
CCCCCCCCCCCC=C,50,0.744489734
CCCCCCCCCCCC=C,75,0.726596767
CCCCCCCCCCCC=C,100,0.708163833
CCCCCCCCCCCC=C,125,0.689116027
CCCCCCCCCCCC=C,150,0.669360227
CCCCCCCCCCCC=C,175,0.648778315
CCCCCCCCCCCC=C,200,0.6272168
CCCCCCCCCCCC=C,225,0.604470209
CCCCCCCCCCCC=C,250,0.00443269267
CCCCCCCCCCCC=C,275,0.00420763234
CCCCCCCCCCCC=C,300,0.00400588438
CCCCCCCCCCCC=C,325,0.00715115292
CCCCCCCCCCCC=C,350,0.00500988655
CCCCCCCCCCCC=C,375,0.00479405724
CCCCCCCCCCCC=C,400,0.00459741307
CCCCCCCCCCCC=C,425,0.00441733861
CCCCCCCCCCCC=C,450,0.00425169768
CCCCCCCCCCCC=C,475,0.00409872417
CCCCCCCCCCCC=C,500,0.00395694228
CCCCCCCCCCCCC=C,25,0.775656826
CCCCCCCCCCCCC=C,50,0.76029351
CCCCCCCCCCCCC=C,75,0.744596384
CCCCCCCCCCCCC=C,100,0.728530691
CCCCCCCCCCCCC=C,125,0.712055514
CCCCCCCCCCCCC=C,150,0.695122163
CCCCCCCCCCCCC=C,175,0.677671963
CCCCCCCCCCCCC=C,200,0.659633171
CCCCCCCCCCCCC=C,225,0.640916566
CCCCCCCCCCCCC=C,250,0.621408935
CCCCCCCCCCCCC=C,275,0.600963086
CCCCCCCCCCCCC=C,300,0.0174659391
CCCCCCCCCCCCC=C,325,0.00799636044
CCCCCCCCCCCCC=C,350,0.00516668514
CCCCCCCCCCCCC=C,375,0.00494262304
CCCCCCCCCCCCC=C,400,0.00473868388
CCCCCCCCCCCCC=C,425,0.00455208921
CCCCCCCCCCCCC=C,450,0.00438057678
CCCCCCCCCCCCC=C,475,0.00422228136
CCCCCCCCCCCCC=C,500,0.00407564794
CCCCCCCCCCCCCC=C,25,0.776622873
CCCCCCCCCCCCCC=C,50,0.761451197
CCCCCCCCCCCCCC=C,75,0.745954473
CCCCCCCCCCCCCC=C,100,0.730099365
CCCCCCCCCCCCCC=C,125,0.713846732
CCCCCCCCCCCCCC=C,150,0.697150118
CCCCCCCCCCCCCC=C,175,0.679953723
CCCCCCCCCCCCCC=C,200,0.662189569
CCCCCCCCCCCCCC=C,225,0.643773483
CCCCCCCCCCCCCC=C,250,0.624599208
CCCCCCCCCCCCCC=C,275,0.604529462
CCCCCCCCCCCCCC=C,300,0.129044803
CCCCCCCCCCCCCC=C,325,0.0096640731
CCCCCCCCCCCCCC=C,350,0.00532166391
CCCCCCCCCCCCCC=C,375,0.00508964477
CCCCCCCCCCCCCC=C,400,0.00487863612
CCCCCCCCCCCCCC=C,425,0.00468570729
CCCCCCCCCCCCCC=C,450,0.00450847813
CCCCCCCCCCCCCC=C,475,0.00434499044
CCCCCCCCCCCCCC=C,500,0.00419361482
